{
  "ACI": {
    "min": 16108.669921875,
    "max": 13750042624.0
  },
  "H": {
    "min": 10.499441146850586,
    "max": 37.07812881469727
  },
  "NDSI": {
    "min": -0.9372433423995972,
    "max": 0.9955640435218812
  },
  "BI": {
    "min": -78.56512451171875,
    "max": -13.608829498291016
  }
}